Meta-Dimension,Dimension,Characteristic,Carboledger,SAP Sustainability Data Exchange,CircularTree,EcoVadis,iLEAP,Together for Sustainability,SiGREEN,Ecochain,Carbon Maps,International Data Spaces Association,European Single Access Point,Prometheus-X,Agri-Gaia,Cofinity-X,TE-FOOD,Zetes,tex-tracer,djustconnect,dataspace.dih,eufarmbook,JoinData,FoodLogiQ,TraceX,Foodready,IBM Food Trust,FoodChain ID,Sphera,TraceGains,Infor Nexus,FoodDocs,Farmsoft,Connecting Food,Kezzler,ReposiTrak Traceability Network,Trusty,Fairfood,Microsoft Azure,Snowflake Data Marketplace,Databricks,Cloudera,Delta Sharing,Dawex,myOpenFactory,KetenlinK,ECI Software Solutions,EDI4STEEL,UBL-hub,Tradecloud,SCSN ,Partnership for Carbon Transparency (PACT),CDP,Catena-X,Global Battery Alliance,Green Deal Data Space,GS1,Global Food Safety Initiative,Global Dialogue on Seafood Traceability,HERE Technologies,PTV Group,INRIX,Kapsch TrafficCom,Eona-x,Mobility Data Space,Rail Data Space,Factory-X,deployEMDS,tn-its,Advaneo Data Marketplace,SENSORIS ASBL,Dataforroadsafety,project44,FourKites,EudraVigilance,TraceLink,EHDS,TriNetX,TransCelerate BioPharma,Cdisc,Rfxcel,Farmatrust,Agrimetrics,Farmobile,MediLedger Network,Darwin EU,CarbonChain,Vinchain,Caruso,oneTRANSPORT,Overture Maps Foundation,PharmaLedger,Gaia-X,EuProGigant,Spherity,SINE Foundation,Vendia,OpenDataspaceLab,GAIA-X4 Future Mobility,GreenDataHub,FIWARE Foundation ,Health Data Hub (France)
Governance and control,Governance,Centralized,Yes,Yes,Yes,Yes,No,No,Yes,Yes,Yes,No,Yes,No,No,Yes,Yes,Yes,Yes,No,Yes,No,No,Yes,Yes,Yes,No,Yes,Yes,Yes,Yes,Yes,Yes,Yes,Yes,Yes,No,Yes,Yes,Yes,Yes,Yes,No,No,Yes,Yes,Yes,No,Yes,Yes,No,No,Yes,No,No,No,No,No,No,Yes,Yes,Yes,Yes,No,No,No,No,No,No,Yes,No,No,Yes,Yes,Yes,Yes,No,Yes,No,No,Yes,Yes,Yes,Yes,No,Yes,Yes,No,Yes,Yes,No,No,No,No,Yes,No,No,No,No,No,No,Yes
,,Decentralized,No,No,No,No,Yes,No,No,No,No,Yes,No,No,No,No,No,No,No,No,No,No,No,No,No,No,No,No,No,No,No,No,No,No,No,No,No,No,No,No,No,No,Yes,No,No,No,No,No,No,No,No,Yes,No,Yes,No,No,Yes,No,No,No,No,No,No,No,No,Yes,No,No,No,No,No,No,No,No,No,No,No,No,No,Yes,No,No,No,No,Yes,No,No,Yes,No,No,Yes,Yes,Yes,No,No,Yes,Yes,No,No,No,Yes,No
,,Federated,No,No,No,No,No,Yes,No,No,No,No,No,Yes,Yes,No,No,No,No,Yes,No,Yes,Yes,No,No,No,Yes,No,No,No,No,No,No,No,No,No,Yes,No,No,No,No,No,No,Yes,No,No,No,Yes,No,No,Yes,No,No,No,Yes,Yes,No,Yes,Yes,No,No,No,No,Yes,Yes,No,Yes,Yes,Yes,No,Yes,Yes,No,No,No,No,Yes,No,Yes,No,No,No,No,No,No,No,No,No,No,No,No,No,No,Yes,No,No,No,Yes,Yes,Yes,No,No
,Control Rights,Platform,No,No,No,No,No,No,No,No,No,No,No,No,No,No,No,No,No,No,No,No,No,No,No,No,No,No,No,No,No,No,No,No,No,No,No,No,No,No,No,No,No,No,No,No,No,No,No,No,No,No,No,No,No,No,No,No,No,No,No,Yes,No,No,No,No,No,No,No,No,No,No,Yes,Yes,No,No,No,No,No,No,No,No,No,No,No,No,No,No,No,No,No,No,No,No,No,No,No,No,No,No,No,No
,,Data providers,Yes,Yes,Yes,Yes,Yes,Yes,Yes,Yes,Yes,Yes,No,Yes,Yes,Yes,No,No,No,Yes,Yes,No,Yes,No,Yes,No,Yes,No,No,No,No,No,No,No,No,No,No,Yes,Yes,Yes,Yes,No,Yes,Yes,No,No,No,Yes,No,No,Yes,Yes,No,Yes,Yes,Yes,Yes,No,Yes,No,No,No,No,Yes,Yes,Yes,Yes,Yes,Yes,Yes,Yes,Yes,No,No,No,No,Yes,Yes,Yes,Yes,No,No,Yes,Yes,No,No,Yes,Yes,Yes,Yes,Yes,Yes,Yes,Yes,Yes,Yes,Yes,Yes,Yes,Yes,Yes,No
,,Shared control,No,No,No,No,No,No,No,No,No,No,Yes,No,No,No,Yes,Yes,Yes,No,No,Yes,No,Yes,No,Yes,No,Yes,Yes,Yes,Yes,Yes,Yes,Yes,Yes,Yes,Yes,No,No,No,No,Yes,No,No,Yes,Yes,Yes,No,Yes,Yes,No,No,Yes,No,No,No,No,Yes,No,Yes,Yes,No,Yes,No,No,No,No,No,No,No,No,No,No,No,Yes,Yes,No,No,No,No,Yes,Yes,No,No,Yes,Yes,No,No,No,No,No,No,No,No,No,No,No,No,No,No,No,Yes
,Access,Open,No,No,No,No,Yes,No,No,No,No,Yes,Yes,Yes,No,No,No,No,No,No,No,Yes,No,No,No,No,No,No,No,Yes,No,No,No,No,No,Yes,No,No,No,Yes,Yes,No,Yes,No,No,No,No,Yes,Yes,Yes,No,Yes,No,No,No,Yes,Yes,No,No,No,No,No,No,No,No,No,No,Yes,Yes,No,Yes,No,No,No,No,No,No,No,No,Yes,No,No,No,No,No,No,No,Yes,No,Yes,Yes,No,Yes,No,No,Yes,No,No,No,No,Yes,No
,,Restricted,Yes,Yes,Yes,Yes,No,Yes,Yes,Yes,Yes,No,No,No,Yes,Yes,Yes,Yes,Yes,Yes,Yes,No,No,Yes,Yes,Yes,Yes,Yes,Yes,No,Yes,Yes,Yes,Yes,Yes,No,Yes,Yes,Yes,No,No,Yes,No,Yes,Yes,Yes,Yes,No,No,No,Yes,No,Yes,Yes,Yes,No,No,Yes,Yes,Yes,Yes,Yes,Yes,Yes,Yes,Yes,Yes,No,No,Yes,No,Yes,Yes,Yes,Yes,Yes,No,Yes,Yes,No,Yes,Yes,Yes,Yes,Yes,Yes,Yes,No,Yes,No,No,Yes,No,Yes,Yes,No,Yes,Yes,Yes,Yes,No,Yes
,,Membership based,Yes,Yes,Yes,Yes,Yes,Yes,Yes,Yes,Yes,Yes,No,Yes,Yes,Yes,Yes,Yes,Yes,Yes,Yes,Yes,Yes,Yes,Yes,Yes,Yes,Yes,Yes,Yes,Yes,Yes,Yes,Yes,Yes,Yes,Yes,Yes,Yes,Yes,Yes,Yes,No,Yes,Yes,Yes,Yes,Yes,Yes,Yes,Yes,No,Yes,Yes,Yes,Yes,No,Yes,Yes,Yes,Yes,Yes,Yes,Yes,Yes,Yes,Yes,Yes,Yes,Yes,Yes,Yes,Yes,Yes,No,Yes,Yes,Yes,Yes,Yes,Yes,Yes,Yes,Yes,Yes,Yes,Yes,Yes,Yes,Yes,Yes,Yes,Yes,Yes,Yes,Yes,Yes,Yes,Yes,Yes,Yes,Yes
,,Mandated participation,No,No,No,No,No,No,No,No,No,No,Yes,No,No,No,No,No,No,No,No,No,No,No,No,No,No,No,No,No,No,No,No,No,No,No,No,No,No,No,No,No,No,No,No,No,No,No,No,No,No,No,No,No,No,No,No,No,No,No,No,No,No,No,No,No,No,No,No,No,No,No,No,No,Yes,No,Yes,No,No,No,No,No,No,No,No,No,No,No,No,No,No,No,No,No,No,No,No,No,No,No,No,No
,Trust & security,Data protection,Yes,Yes,Yes,Yes,No,Yes,Yes,Yes,Yes,No,Yes,Yes,Yes,Yes,Yes,Yes,Yes,Yes,Yes,Yes,Yes,Yes,Yes,Yes,Yes,Yes,Yes,Yes,Yes,Yes,Yes,Yes,Yes,Yes,Yes,Yes,Yes,Yes,Yes,Yes,Yes,Yes,Yes,Yes,Yes,Yes,Yes,Yes,Yes,Yes,Yes,Yes,No,Yes,Yes,No,Yes,Yes,Yes,Yes,Yes,Yes,Yes,Yes,Yes,Yes,Yes,Yes,Yes,Yes,Yes,Yes,Yes,Yes,Yes,Yes,Yes,No,Yes,Yes,Yes,Yes,Yes,Yes,Yes,Yes,Yes,Yes,No,Yes,Yes,Yes,Yes,Yes,Yes,Yes,Yes,Yes,No,Yes
,,Access & identity management,Yes,Yes,Yes,Yes,No,Yes,Yes,Yes,Yes,No,Yes,Yes,Yes,Yes,Yes,Yes,Yes,Yes,Yes,Yes,Yes,Yes,Yes,Yes,Yes,Yes,Yes,Yes,Yes,Yes,Yes,Yes,Yes,Yes,Yes,Yes,Yes,Yes,Yes,Yes,Yes,Yes,Yes,Yes,Yes,Yes,Yes,Yes,Yes,Yes,Yes,Yes,No,Yes,Yes,No,Yes,Yes,Yes,Yes,Yes,Yes,Yes,Yes,Yes,Yes,Yes,Yes,Yes,Yes,Yes,Yes,Yes,Yes,Yes,Yes,Yes,No,Yes,Yes,Yes,Yes,Yes,Yes,Yes,Yes,Yes,Yes,No,Yes,Yes,Yes,Yes,Yes,Yes,Yes,Yes,Yes,No,Yes
,,Data Usage Control,Yes,Yes,Yes,Yes,No,Yes,No,No,No,No,No,Yes,Yes,Yes,Yes,No,No,Yes,Yes,No,Yes,No,No,No,Yes,No,No,No,No,No,No,No,No,No,No,Yes,Yes,Yes,Yes,No,No,Yes,No,No,No,No,No,No,Yes,Yes,No,Yes,No,Yes,No,No,No,Yes,No,No,Yes,Yes,Yes,Yes,Yes,Yes,No,Yes,No,Yes,No,No,Yes,Yes,Yes,Yes,Yes,No,No,Yes,Yes,Yes,Yes,Yes,No,Yes,Yes,No,No,Yes,Yes,Yes,Yes,Yes,Yes,Yes,Yes,Yes,No,Yes
,,Auditability & Transparency,Yes,Yes,Yes,Yes,Yes,Yes,Yes,Yes,Yes,Yes,Yes,Yes,Yes,Yes,Yes,Yes,Yes,Yes,Yes,Yes,Yes,Yes,Yes,Yes,Yes,Yes,Yes,Yes,Yes,Yes,Yes,Yes,Yes,Yes,Yes,Yes,Yes,Yes,Yes,Yes,Yes,Yes,Yes,Yes,Yes,Yes,Yes,Yes,Yes,Yes,Yes,Yes,Yes,Yes,Yes,Yes,Yes,Yes,Yes,Yes,Yes,Yes,Yes,Yes,Yes,Yes,Yes,Yes,Yes,Yes,Yes,Yes,Yes,Yes,Yes,Yes,Yes,Yes,Yes,Yes,Yes,Yes,Yes,Yes,Yes,Yes,Yes,Yes,Yes,Yes,Yes,Yes,Yes,Yes,Yes,Yes,Yes,Yes,Yes,Yes
,,Trust mechanisms,Yes,Yes,Yes,Yes,Yes,Yes,Yes,Yes,Yes,Yes,Yes,Yes,Yes,Yes,Yes,No,Yes,Yes,Yes,Yes,Yes,No,Yes,No,Yes,Yes,No,Yes,No,No,No,Yes,Yes,Yes,Yes,Yes,Yes,Yes,Yes,Yes,Yes,Yes,Yes,Yes,Yes,Yes,Yes,Yes,Yes,Yes,Yes,Yes,Yes,Yes,Yes,Yes,Yes,Yes,Yes,Yes,Yes,Yes,Yes,Yes,Yes,Yes,Yes,Yes,Yes,Yes,Yes,Yes,Yes,Yes,Yes,Yes,Yes,Yes,Yes,Yes,Yes,Yes,Yes,Yes,Yes,Yes,Yes,Yes,Yes,Yes,Yes,Yes,Yes,Yes,Yes,Yes,Yes,Yes,Yes,Yes
Value Creation & Use,Primary Value Proposition,Regulatory compliance,Yes,Yes,Yes,Yes,Yes,Yes,Yes,Yes,Yes,No,Yes,No,No,Yes,Yes,Yes,Yes,Yes,No,No,Yes,Yes,Yes,Yes,Yes,Yes,Yes,Yes,No,Yes,Yes,Yes,Yes,Yes,Yes,No,No,No,No,No,No,Yes,Yes,Yes,Yes,Yes,Yes,No,No,Yes,Yes,No,Yes,Yes,No,Yes,Yes,No,No,No,Yes,No,No,No,Yes,No,No,No,No,No,No,No,Yes,Yes,Yes,No,No,Yes,Yes,Yes,No,No,Yes,Yes,Yes,No,Yes,No,No,Yes,Yes,Yes,Yes,No,No,No,Yes,Yes,No,Yes
,,Transparency & traceability,Yes,Yes,Yes,Yes,Yes,Yes,Yes,Yes,Yes,Yes,Yes,Yes,No,Yes,Yes,Yes,Yes,Yes,Yes,Yes,Yes,Yes,Yes,Yes,Yes,Yes,Yes,Yes,Yes,Yes,Yes,Yes,Yes,Yes,Yes,Yes,Yes,Yes,Yes,No,Yes,Yes,No,No,No,No,No,Yes,Yes,Yes,Yes,Yes,Yes,Yes,Yes,No,Yes,Yes,Yes,No,No,Yes,Yes,Yes,Yes,Yes,Yes,No,Yes,Yes,Yes,Yes,Yes,Yes,No,No,No,Yes,Yes,Yes,Yes,Yes,Yes,No,Yes,Yes,No,Yes,Yes,Yes,Yes,Yes,Yes,Yes,Yes,Yes,Yes,Yes,Yes,No
,,Operational optimization,Yes,Yes,Yes,No,Yes,No,Yes,Yes,Yes,Yes,No,Yes,Yes,Yes,Yes,No,No,Yes,Yes,Yes,Yes,Yes,Yes,No,No,No,No,Yes,Yes,Yes,Yes,No,No,Yes,No,No,Yes,Yes,Yes,Yes,Yes,No,Yes,Yes,Yes,Yes,Yes,Yes,Yes,No,No,No,No,No,Yes,No,No,Yes,Yes,Yes,Yes,Yes,Yes,Yes,Yes,Yes,No,Yes,Yes,No,Yes,Yes,No,No,Yes,Yes,Yes,No,No,No,Yes,Yes,Yes,Yes,Yes,No,Yes,Yes,Yes,No,Yes,Yes,No,Yes,Yes,Yes,Yes,Yes,Yes,Yes
,,Data monetization,No,No,No,No,No,No,No,No,No,No,No,No,Yes,No,No,No,No,No,No,No,No,No,No,No,No,No,No,No,No,No,No,Yes,No,No,No,No,Yes,Yes,Yes,No,No,Yes,No,No,No,No,No,No,No,No,No,No,No,No,No,No,No,Yes,No,Yes,No,Yes,Yes,No,No,No,No,Yes,No,No,No,No,No,No,No,No,No,No,No,No,Yes,Yes,No,No,No,Yes,Yes,Yes,No,No,No,No,No,No,No,No,No,No,No,No
,,Risk reduction,No,No,No,Yes,No,Yes,No,No,No,No,No,No,No,No,Yes,No,No,Yes,No,No,No,Yes,No,No,Yes,No,Yes,Yes,Yes,No,No,No,Yes,Yes,Yes,Yes,No,No,No,Yes,Yes,No,No,No,No,No,No,Yes,No,No,Yes,Yes,Yes,No,No,Yes,No,No,No,Yes,No,No,No,Yes,No,No,No,No,No,Yes,Yes,Yes,Yes,Yes,Yes,Yes,Yes,No,Yes,Yes,No,No,No,Yes,No,Yes,No,No,No,Yes,No,No,Yes,Yes,Yes,Yes,No,No,No,Yes
,Type of Data,Sensor / IoT data,No,No,No,No,No,No,No,No,No,No,No,No,Yes,Yes,No,Yes,No,Yes,Yes,No,Yes,No,Yes,No,Yes,No,No,No,No,Yes,Yes,Yes,Yes,No,No,No,Yes,No,Yes,Yes,Yes,Yes,No,No,No,No,No,No,No,No,No,No,No,Yes,No,No,No,Yes,Yes,Yes,Yes,Yes,Yes,Yes,Yes,Yes,No,No,Yes,Yes,Yes,Yes,No,No,No,No,No,No,No,No,Yes,Yes,No,No,No,No,Yes,Yes,No,No,No,Yes,No,No,No,Yes,Yes,Yes,No,No
,,Transactional data,No,No,No,No,No,No,No,No,No,No,No,No,No,Yes,Yes,No,Yes,Yes,Yes,No,Yes,Yes,No,Yes,No,No,No,Yes,Yes,Yes,Yes,Yes,Yes,Yes,Yes,Yes,Yes,Yes,Yes,Yes,Yes,Yes,Yes,Yes,Yes,Yes,Yes,Yes,Yes,No,No,Yes,No,No,Yes,No,No,No,No,No,Yes,Yes,Yes,Yes,Yes,Yes,No,Yes,No,No,Yes,Yes,No,Yes,Yes,No,No,No,Yes,Yes,No,Yes,Yes,No,No,Yes,Yes,Yes,No,Yes,No,Yes,No,No,Yes,No,Yes,No,No,Yes
,,Traceability data,No,No,No,No,No,No,No,No,No,No,No,No,No,No,Yes,Yes,Yes,No,No,No,No,Yes,Yes,Yes,Yes,Yes,No,No,Yes,Yes,Yes,Yes,Yes,Yes,Yes,Yes,No,No,No,No,No,No,No,No,No,No,No,No,No,No,No,No,Yes,No,Yes,No,Yes,No,No,No,No,No,No,No,No,No,No,No,No,No,No,No,No,Yes,No,No,Yes,No,Yes,Yes,No,No,Yes,No,No,Yes,No,No,No,Yes,No,No,No,No,Yes,No,No,No,No,No
,,Master / Reference data,Yes,Yes,Yes,Yes,Yes,Yes,Yes,Yes,Yes,Yes,Yes,Yes,Yes,Yes,No,Yes,No,Yes,Yes,No,Yes,Yes,Yes,Yes,Yes,Yes,Yes,Yes,Yes,Yes,Yes,Yes,Yes,Yes,Yes,Yes,Yes,Yes,Yes,Yes,Yes,Yes,Yes,Yes,Yes,Yes,Yes,Yes,Yes,Yes,Yes,Yes,Yes,Yes,Yes,Yes,Yes,Yes,Yes,Yes,Yes,Yes,Yes,Yes,Yes,Yes,Yes,Yes,Yes,Yes,Yes,Yes,Yes,Yes,Yes,Yes,Yes,Yes,Yes,Yes,Yes,Yes,Yes,Yes,Yes,Yes,Yes,Yes,Yes,Yes,Yes,Yes,Yes,Yes,Yes,Yes,Yes,Yes,Yes,Yes
,,Analytical / Aggregated data,Yes,Yes,Yes,Yes,Yes,Yes,Yes,Yes,Yes,No,Yes,Yes,Yes,Yes,No,No,No,No,Yes,Yes,No,No,Yes,No,No,No,Yes,No,No,No,No,No,No,No,No,No,Yes,Yes,Yes,Yes,Yes,Yes,No,No,No,No,No,No,No,Yes,Yes,No,Yes,Yes,No,No,No,Yes,Yes,Yes,No,Yes,Yes,No,No,Yes,No,Yes,No,No,Yes,Yes,Yes,No,Yes,Yes,Yes,No,No,No,Yes,No,No,Yes,Yes,No,No,Yes,No,No,No,No,No,Yes,No,Yes,Yes,Yes,No,Yes
Market Structure & Interaction,Platform sidedness,Dual,No,No,No,No,No,No,No,No,No,No,No,No,No,No,No,No,No,No,No,No,No,No,No,No,No,No,No,No,No,Yes,No,No,No,No,No,No,No,No,No,Yes,No,No,No,No,No,No,No,No,No,No,No,No,No,No,No,No,No,No,No,No,No,No,No,No,No,No,No,No,No,No,No,No,No,No,No,No,No,No,No,No,No,No,No,No,No,No,No,No,No,No,No,No,No,No,No,No,No,No,No,No
,,Multi,Yes,Yes,Yes,Yes,Yes,Yes,Yes,Yes,Yes,Yes,Yes,Yes,Yes,Yes,Yes,Yes,Yes,Yes,Yes,Yes,Yes,Yes,Yes,Yes,Yes,Yes,Yes,Yes,Yes,No,Yes,Yes,Yes,Yes,Yes,Yes,Yes,Yes,Yes,No,Yes,Yes,Yes,Yes,Yes,Yes,Yes,Yes,Yes,Yes,Yes,Yes,Yes,Yes,Yes,Yes,Yes,Yes,Yes,Yes,Yes,Yes,Yes,Yes,Yes,Yes,Yes,Yes,Yes,Yes,Yes,Yes,Yes,Yes,Yes,Yes,Yes,Yes,Yes,Yes,Yes,Yes,Yes,Yes,Yes,Yes,Yes,Yes,Yes,Yes,Yes,Yes,Yes,Yes,Yes,Yes,Yes,Yes,Yes,Yes
,Role configuration,Direct interaction,No,Yes,No,No,Yes,No,No,No,No,Yes,No,Yes,No,No,No,No,No,No,No,No,No,No,No,No,No,No,No,No,No,No,No,No,No,No,No,No,No,No,No,No,Yes,Yes,No,No,No,Yes,No,No,Yes,Yes,No,Yes,Yes,Yes,Yes,No,Yes,No,No,No,No,Yes,Yes,Yes,Yes,Yes,Yes,No,Yes,Yes,No,No,No,No,No,No,Yes,Yes,No,No,No,No,Yes,No,No,Yes,No,No,Yes,Yes,Yes,Yes,No,Yes,Yes,No,Yes,No,Yes,No
,,Platform-mediated interaction,Yes,No,Yes,Yes,No,Yes,Yes,Yes,Yes,No,Yes,No,Yes,Yes,Yes,Yes,Yes,Yes,Yes,Yes,Yes,Yes,Yes,Yes,Yes,Yes,Yes,Yes,Yes,Yes,Yes,Yes,Yes,Yes,Yes,Yes,Yes,Yes,Yes,Yes,No,No,Yes,Yes,Yes,No,Yes,Yes,No,No,Yes,No,No,No,No,Yes,No,Yes,Yes,Yes,Yes,No,No,No,No,No,No,Yes,No,No,Yes,Yes,Yes,Yes,Yes,Yes,No,No,Yes,Yes,Yes,Yes,No,Yes,Yes,No,Yes,Yes,No,No,No,No,Yes,No,No,Yes,No,Yes,No,Yes
Pricing Logic,Pricing structure,Subscription,Yes,Yes,Yes,Yes,No,No,Yes,Yes,Yes,No,No,No,No,Yes,No,No,No,No,Yes,No,Yes,No,Yes,No,Yes,Yes,No,Yes,Yes,Yes,No,No,No,Yes,No,No,No,Yes,Yes,Yes,No,Yes,Yes,Yes,Yes,No,Yes,Yes,No,No,Yes,Yes,No,No,No,Yes,No,Yes,Yes,Yes,Yes,No,No,No,No,No,No,Yes,No,No,Yes,Yes,No,Yes,No,Yes,No,No,Yes,Yes,Yes,Yes,Yes,No,Yes,No,Yes,Yes,No,No,No,No,Yes,No,Yes,No,No,No,No,No
,,Usage-based,No,No,No,No,No,No,No,No,No,No,No,No,No,Yes,Yes,No,No,No,Yes,No,No,No,No,No,No,No,No,No,No,No,No,No,No,No,No,No,Yes,Yes,Yes,No,No,Yes,No,No,No,No,No,No,No,No,No,No,No,No,No,No,No,Yes,Yes,Yes,Yes,No,No,No,No,No,No,Yes,No,No,Yes,Yes,No,Yes,Yes,No,No,No,Yes,Yes,Yes,Yes,Yes,No,No,Yes,Yes,Yes,No,No,No,No,No,No,Yes,No,No,No,No,Yes
,,Value-based,No,No,No,No,No,No,No,No,No,No,No,No,No,No,No,No,No,No,No,No,No,No,No,No,No,No,No,No,No,No,No,No,No,No,No,No,No,No,No,No,No,No,No,No,No,No,No,No,No,No,No,No,No,No,No,No,No,No,No,No,No,No,No,No,No,No,No,No,No,No,No,No,No,No,No,No,No,No,No,No,No,No,No,No,No,No,No,No,No,No,No,No,No,No,No,No,No,No,No,No
,,Membership,Yes,Yes,Yes,Yes,Yes,Yes,Yes,Yes,Yes,Yes,Yes,Yes,Yes,Yes,No,Yes,Yes,Yes,Yes,Yes,Yes,Yes,Yes,Yes,Yes,Yes,Yes,Yes,Yes,Yes,Yes,Yes,Yes,Yes,Yes,Yes,No,Yes,Yes,Yes,Yes,Yes,Yes,Yes,Yes,Yes,Yes,Yes,Yes,Yes,Yes,Yes,Yes,Yes,Yes,Yes,Yes,Yes,Yes,Yes,Yes,Yes,Yes,Yes,Yes,Yes,Yes,Yes,Yes,Yes,Yes,Yes,Yes,Yes,Yes,Yes,Yes,Yes,Yes,Yes,Yes,Yes,Yes,Yes,Yes,Yes,Yes,Yes,Yes,Yes,Yes,Yes,Yes,Yes,Yes,Yes,Yes,Yes,Yes,Yes
,Payment object,Service-based,Yes,Yes,Yes,Yes,No,No,Yes,Yes,Yes,No,No,No,No,Yes,Yes,Yes,Yes,No,Yes,No,Yes,Yes,Yes,Yes,Yes,Yes,No,Yes,Yes,Yes,No,No,No,Yes,No,No,Yes,Yes,Yes,Yes,No,Yes,Yes,Yes,Yes,No,Yes,Yes,No,No,Yes,No,No,No,No,No,Yes,No,Yes,Yes,Yes,No,No,No,No,No,No,Yes,No,No,Yes,Yes,No,Yes,Yes,Yes,No,No,Yes,Yes,No,No,Yes,No,Yes,No,Yes,Yes,No,No,No,No,Yes,No,Yes,No,No,No,No,Yes
,,Data volume-based,No,No,No,No,No,No,No,No,No,No,No,No,No,No,No,No,No,No,Yes,No,No,No,No,No,No,No,No,No,No,No,No,No,No,No,No,No,Yes,Yes,Yes,No,No,Yes,No,No,No,No,No,No,No,No,No,No,No,No,No,No,No,No,Yes,Yes,No,No,No,No,No,No,No,Yes,No,No,Yes,Yes,No,Yes,No,No,No,No,Yes,Yes,Yes,Yes,Yes,No,No,Yes,Yes,Yes,No,No,No,No,No,No,Yes,No,No,No,No,Yes
,,Output-based,No,No,No,No,No,No,No,No,No,No,No,No,No,No,No,No,No,No,No,No,No,No,No,No,No,No,No,No,No,No,No,No,No,No,No,No,No,No,No,No,No,No,No,No,No,No,No,No,No,No,No,No,No,No,No,No,No,No,No,No,Yes,No,No,No,No,No,No,No,No,No,No,No,No,No,No,No,No,No,No,No,No,No,No,No,No,No,No,No,No,No,No,No,No,No,No,No,No,No,No,No
,,Access-based,Yes,Yes,Yes,Yes,Yes,Yes,Yes,Yes,Yes,Yes,Yes,Yes,Yes,Yes,No,No,No,Yes,Yes,Yes,No,No,Yes,No,No,No,Yes,No,No,No,Yes,Yes,Yes,No,Yes,Yes,No,No,Yes,No,Yes,Yes,No,No,No,Yes,No,No,Yes,Yes,No,Yes,Yes,Yes,Yes,Yes,No,Yes,Yes,Yes,No,Yes,Yes,Yes,Yes,Yes,Yes,Yes,Yes,Yes,Yes,Yes,Yes,Yes,Yes,Yes,Yes,Yes,No,No,Yes,Yes,Yes,Yes,Yes,Yes,Yes,Yes,Yes,Yes,Yes,Yes,Yes,Yes,Yes,Yes,Yes,Yes,Yes,Yes
,,Outcome-based,No,No,No,No,No,No,No,No,No,No,No,No,No,No,No,No,No,No,No,No,No,No,No,No,No,No,No,No,No,No,No,No,No,No,No,No,No,No,No,No,No,No,No,No,No,No,No,No,No,No,No,No,No,No,No,No,No,No,No,No,No,No,No,No,No,No,No,No,No,No,No,No,No,No,No,No,No,No,No,No,No,Yes,No,No,No,No,No,No,No,No,No,No,No,No,No,No,No,No,No,No
Organization,Motivation,Economic,Yes,Yes,Yes,Yes,No,No,Yes,Yes,Yes,Yes,Yes,Yes,Yes,Yes,No,Yes,Yes,Yes,Yes,Yes,Yes,Yes,No,Yes,Yes,Yes,Yes,Yes,Yes,Yes,Yes,Yes,Yes,Yes,Yes,Yes,Yes,Yes,Yes,Yes,Yes,Yes,Yes,Yes,Yes,Yes,Yes,Yes,Yes,Yes,No,Yes,No,No,Yes,Yes,No,Yes,Yes,Yes,Yes,Yes,Yes,Yes,Yes,No,No,Yes,Yes,No,Yes,Yes,No,Yes,Yes,Yes,Yes,No,Yes,Yes,Yes,Yes,Yes,No,Yes,Yes,Yes,Yes,Yes,Yes,No,Yes,Yes,No,Yes,No,Yes,Yes,Yes,Yes
,,Legal,Yes,Yes,Yes,Yes,Yes,Yes,Yes,Yes,Yes,Yes,Yes,Yes,No,Yes,Yes,No,Yes,Yes,No,Yes,Yes,Yes,Yes,Yes,Yes,Yes,Yes,Yes,Yes,Yes,Yes,Yes,Yes,Yes,Yes,Yes,Yes,No,Yes,Yes,No,Yes,Yes,Yes,Yes,No,Yes,No,No,Yes,Yes,Yes,Yes,Yes,Yes,Yes,Yes,No,Yes,Yes,Yes,Yes,Yes,Yes,Yes,Yes,Yes,No,No,Yes,Yes,Yes,Yes,Yes,Yes,Yes,Yes,Yes,Yes,Yes,No,No,Yes,Yes,Yes,Yes,Yes,No,No,Yes,Yes,Yes,Yes,No,No,No,Yes,Yes,No,Yes
,,Environmental,Yes,Yes,Yes,Yes,Yes,Yes,Yes,Yes,Yes,No,No,No,Yes,Yes,No,No,No,Yes,No,Yes,Yes,Yes,Yes,No,Yes,Yes,Yes,Yes,Yes,No,No,Yes,Yes,No,Yes,Yes,No,No,No,No,No,Yes,No,No,No,No,No,No,No,No,Yes,Yes,Yes,Yes,No,No,Yes,No,No,No,No,No,Yes,Yes,No,Yes,No,No,No,No,No,No,No,No,No,No,No,No,No,No,Yes,No,No,No,Yes,No,No,No,No,No,No,No,No,Yes,No,Yes,No,No,No,No
,,Collaboration,No,No,No,No,Yes,Yes,No,No,No,Yes,No,Yes,No,No,Yes,Yes,Yes,No,Yes,Yes,Yes,Yes,No,Yes,Yes,No,No,Yes,Yes,No,No,Yes,Yes,Yes,Yes,Yes,Yes,No,Yes,No,Yes,Yes,No,No,No,Yes,No,Yes,Yes,Yes,Yes,Yes,Yes,Yes,Yes,No,Yes,No,Yes,Yes,Yes,Yes,Yes,Yes,Yes,Yes,Yes,No,Yes,Yes,No,No,Yes,No,Yes,No,Yes,Yes,No,No,Yes,No,No,Yes,No,No,Yes,Yes,Yes,Yes,Yes,Yes,No,Yes,Yes,Yes,Yes,Yes,Yes,Yes
,Scope,Same industry,No,No,Yes,No,No,Yes,No,No,Yes,No,No,No,Yes,Yes,Yes,No,Yes,Yes,No,Yes,Yes,Yes,Yes,Yes,Yes,Yes,No,Yes,No,Yes,Yes,Yes,No,Yes,Yes,Yes,No,No,No,No,No,No,Yes,Yes,Yes,Yes,Yes,Yes,Yes,No,No,Yes,Yes,No,No,Yes,Yes,No,No,No,Yes,Yes,No,Yes,Yes,No,Yes,No,Yes,Yes,No,No,Yes,Yes,Yes,Yes,Yes,Yes,Yes,Yes,Yes,Yes,Yes,Yes,Yes,Yes,Yes,Yes,No,Yes,No,Yes,No,No,No,Yes,Yes,No,No,Yes
,,Cross-industry,Yes,Yes,No,Yes,Yes,No,Yes,Yes,No,Yes,Yes,Yes,No,No,No,Yes,No,No,Yes,No,No,No,No,No,No,No,Yes,No,Yes,No,No,No,Yes,No,No,No,Yes,Yes,Yes,Yes,Yes,Yes,No,No,No,No,No,No,No,Yes,Yes,No,No,Yes,Yes,No,No,Yes,Yes,Yes,No,No,Yes,No,No,Yes,No,Yes,No,No,Yes,Yes,No,No,No,No,No,No,No,No,No,No,No,No,No,No,No,No,Yes,No,Yes,No,Yes,Yes,Yes,No,No,Yes,Yes,No
Service medium,Technology,Cloud,Yes,Yes,Yes,Yes,Yes,Yes,Yes,Yes,Yes,Yes,Yes,Yes,Yes,Yes,No,Yes,Yes,Yes,Yes,Yes,Yes,Yes,Yes,Yes,Yes,Yes,Yes,Yes,Yes,Yes,Yes,Yes,Yes,Yes,Yes,Yes,Yes,Yes,Yes,Yes,Yes,Yes,Yes,Yes,Yes,Yes,Yes,Yes,Yes,Yes,Yes,Yes,Yes,Yes,Yes,No,Yes,Yes,Yes,Yes,Yes,Yes,Yes,Yes,Yes,Yes,Yes,Yes,Yes,Yes,Yes,Yes,Yes,Yes,Yes,Yes,Yes,No,Yes,Yes,Yes,Yes,Yes,Yes,Yes,Yes,Yes,Yes,Yes,Yes,Yes,Yes,Yes,Yes,Yes,Yes,Yes,Yes,Yes,Yes
,,AI,Yes,Yes,No,Yes,No,No,Yes,Yes,Yes,No,No,Yes,Yes,Yes,No,Yes,No,No,Yes,Yes,No,Yes,Yes,Yes,No,No,Yes,Yes,Yes,Yes,No,No,No,Yes,No,No,Yes,Yes,Yes,Yes,No,Yes,No,No,No,No,No,Yes,No,No,No,No,No,Yes,No,No,No,Yes,Yes,Yes,Yes,Yes,No,No,Yes,No,No,Yes,No,No,Yes,Yes,No,Yes,Yes,Yes,No,No,Yes,Yes,Yes,Yes,No,No,Yes,No,Yes,Yes,No,No,No,Yes,No,No,No,No,Yes,No,No,Yes
,,Blockchain,No,No,No,No,No,No,No,No,No,No,No,No,No,No,Yes,No,Yes,No,No,No,No,No,Yes,No,Yes,No,No,No,No,No,Yes,Yes,No,No,Yes,Yes,No,No,No,No,No,No,No,No,No,No,No,No,No,No,No,No,No,No,No,No,No,No,No,No,No,No,No,No,No,No,No,No,No,No,No,No,No,Yes,No,No,No,No,No,No,No,Yes,Yes,No,No,Yes,No,No,No,Yes,No,Yes,Yes,No,Yes,No,Yes,No,No,No
,,Interoperability standards,Yes,Yes,Yes,Yes,Yes,Yes,Yes,Yes,Yes,Yes,Yes,Yes,Yes,Yes,No,Yes,Yes,Yes,Yes,Yes,Yes,Yes,Yes,Yes,Yes,Yes,Yes,Yes,Yes,Yes,Yes,Yes,Yes,Yes,Yes,Yes,Yes,Yes,Yes,Yes,Yes,Yes,Yes,Yes,Yes,Yes,Yes,Yes,Yes,Yes,Yes,Yes,Yes,Yes,Yes,Yes,Yes,Yes,Yes,Yes,Yes,Yes,Yes,Yes,Yes,Yes,Yes,Yes,Yes,Yes,Yes,Yes,Yes,Yes,Yes,Yes,Yes,Yes,Yes,Yes,Yes,Yes,Yes,Yes,Yes,Yes,Yes,Yes,Yes,Yes,Yes,Yes,Yes,Yes,Yes,Yes,Yes,Yes,Yes,Yes
,Data processing and analytics tools,Yes,Yes,Yes,No,Yes,No,No,Yes,Yes,Yes,No,Yes,No,Yes,Yes,Yes,Yes,Yes,Yes,Yes,Yes,Yes,Yes,Yes,Yes,Yes,Yes,Yes,Yes,Yes,Yes,Yes,Yes,Yes,Yes,Yes,Yes,Yes,Yes,Yes,Yes,No,Yes,Yes,Yes,Yes,No,Yes,Yes,No,No,Yes,No,No,Yes,No,No,No,Yes,Yes,Yes,Yes,No,No,No,No,No,No,Yes,No,No,Yes,Yes,Yes,Yes,Yes,Yes,No,No,Yes,Yes,Yes,Yes,No,Yes,Yes,No,Yes,Yes,No,No,No,No,No,No,Yes,No,No,No,No,Yes
,,No,No,No,Yes,No,Yes,Yes,No,No,No,Yes,No,Yes,No,No,No,No,No,No,No,No,No,No,No,No,No,No,No,No,No,No,No,No,No,No,No,No,No,No,No,No,Yes,No,No,No,No,Yes,No,No,Yes,Yes,No,Yes,Yes,No,Yes,Yes,Yes,No,No,No,No,Yes,Yes,Yes,Yes,Yes,Yes,No,Yes,Yes,No,No,No,No,No,No,Yes,Yes,No,No,No,No,Yes,No,No,Yes,No,No,Yes,Yes,Yes,Yes,Yes,Yes,No,Yes,Yes,Yes,Yes,No
